date,Close
2018-01-02,40.47983169555664
2018-01-03,40.472782135009766
2018-01-04,40.66078186035156
2018-01-05,41.12370681762695
2018-01-08,40.97097396850586
2018-01-09,40.96627426147461
2018-01-10,40.95687484741211
2018-01-11,41.18951416015625
2018-01-12,41.61485290527344
2018-01-16,41.40335464477539
2018-01-17,42.087188720703125
2018-01-18,42.124786376953125
2018-01-19,41.936798095703125
2018-01-22,41.593692779541016
2018-01-23,41.60310745239258
2018-01-24,40.940433502197266
2018-01-25,40.20960235595703
2018-01-26,40.303592681884766
2018-01-29,39.46936798095703
2018-01-30,39.236732482910156
2018-01-31,39.344818115234375
2018-02-01,39.42707061767578
2018-02-02,37.71632385253906
2018-02-05,36.77399444580078
2018-02-06,38.31085968017578
2018-02-07,37.490726470947266
2018-02-08,36.4591178894043
2018-02-09,36.905059814453125
2018-02-12,38.39154815673828
2018-02-13,38.776153564453125
2018-02-14,39.49108123779297
2018-02-15,40.817134857177734
2018-02-16,40.68498611450195
2018-02-20,40.54814910888672
2018-02-21,40.364105224609375
2018-02-22,40.701507568359375
2018-02-23,41.40935134887695
2018-02-26,42.228118896484375
2018-02-27,42.09126281738281
2018-02-28,42.027549743652344
2018-03-01,41.2913818359375
2018-03-02,41.57689666748047
2018-03-05,41.7208251953125
2018-03-06,41.685420989990234
2018-03-07,41.29845428466797
2018-03-08,41.74913787841797
2018-03-09,42.466426849365234
2018-03-12,42.876983642578125
2018-03-13,42.46405792236328
2018-03-14,42.10306167602539
2018-03-15,42.15261459350586
2018-03-16,42.00395584106445
2018-03-19,41.36217498779297
2018-03-20,41.34801483154297
2018-03-21,40.411285400390625
2018-03-22,39.84028244018555
2018-03-23,38.917720794677734
2018-03-26,40.76520919799805
2018-03-27,39.7199592590332
2018-03-28,39.28108215332031
2018-03-29,39.58782958984375
2018-04-02,39.32827377319336
2018-04-03,39.73175048828125
2018-04-04,40.491519927978516
2018-04-05,40.772300720214844
2018-04-06,39.729393005371094
2018-04-09,40.123435974121094
2018-04-10,40.878475189208984
2018-04-11,40.687347412109375
2018-04-12,41.088470458984375
2018-04-13,41.227684020996094
2018-04-16,41.484859466552734
2018-04-17,42.055870056152344
2018-04-18,41.961483001708984
2018-04-19,40.772300720214844
2018-04-20,39.10176467895508
2018-04-23,38.98849868774414
2018-04-24,38.44581985473633
2018-04-25,38.61333465576172
2018-04-26,38.747833251953125
2018-04-27,38.299530029296875
2018-04-30,38.99322509765625
2018-05-01,39.89927673339844
2018-05-02,41.66183853149414
2018-05-03,41.737327575683594
2018-05-04,43.37482833862305
2018-05-07,43.68864822387695
2018-05-08,43.89863967895508
2018-05-09,44.20772933959961
2018-05-10,44.8400764465332
2018-05-11,44.66953659057617
2018-05-14,44.565330505371094
2018-05-15,44.1602897644043
2018-05-16,44.57242202758789
2018-05-17,44.29056167602539
2018-05-18,44.1295051574707
2018-05-21,44.44215774536133
2018-05-22,44.33082580566406
2018-05-23,44.61506271362305
2018-05-24,44.565330505371094
2018-05-25,44.667171478271484
2018-05-29,44.50611877441406
2018-05-30,44.411376953125
2018-05-31,44.26213836669922
2018-06-01,45.06037521362305
2018-06-04,45.436973571777344
2018-06-05,45.78752517700195
2018-06-06,45.94622039794922
2018-06-07,45.823062896728516
2018-06-08,45.40617752075195
2018-06-11,45.29485321044922
2018-06-12,45.543556213378906
2018-06-13,45.1693229675293
2018-06-14,45.19300842285156
2018-06-15,44.72875213623047
2018-06-18,44.70508575439453
2018-06-19,43.98264694213867
2018-06-20,44.17450714111328
2018-06-21,43.92817306518555
2018-06-22,43.8002815246582
2018-06-25,43.148902893066406
2018-06-26,43.684200286865234
2018-06-27,43.62025451660156
2018-06-28,43.937652587890625
2018-06-29,43.845279693603516
2018-07-02,44.335567474365234
2018-07-03,43.56340026855469
2018-07-05,43.91395568847656
2018-07-06,44.52268981933594
2018-07-09,45.14088439941406
2018-07-10,45.08641815185547
2018-07-11,44.501365661621094
2018-07-12,45.247493743896484
2018-07-13,45.318546295166016
2018-07-16,45.21906280517578
2018-07-17,45.34696960449219
2018-07-18,45.0982551574707
2018-07-19,45.44881820678711
2018-07-20,45.34459686279297
2018-07-23,45.38487243652344
2018-07-24,45.714107513427734
2018-07-25,46.145198822021484
2018-07-26,46.00070571899414
2018-07-27,45.235633850097656
2018-07-30,44.98220443725586
2018-07-31,45.07220458984375
2018-08-01,47.7274169921875
2018-08-02,49.12253189086914
2018-08-03,49.2646484375
2018-08-06,49.520450592041016
2018-08-07,49.05619430541992
2018-08-08,49.0893669128418
2018-08-09,49.47543716430664
2018-08-10,49.32807922363281
2018-08-13,49.64657974243164
2018-08-14,49.855751037597656
2018-08-15,49.972225189208984
2018-08-16,50.704307556152344
2018-08-17,51.71689224243164
2018-08-20,51.21297073364258
2018-08-21,51.113136291503906
2018-08-22,51.115509033203125
2018-08-23,51.22010803222656
2018-08-24,51.379356384277344
2018-08-27,51.80244827270508
2018-08-28,52.22077178955078
2018-08-29,53.00041198730469
2018-08-30,53.48768615722656
2018-08-31,54.105674743652344
2018-09-04,54.27920150756836
2018-09-05,53.92503356933594
2018-09-06,53.02893829345703
2018-09-07,52.60109329223633
2018-09-10,51.895137786865234
2018-09-11,53.20721435546875
2018-09-12,52.54643249511719
2018-09-13,53.81569290161133
2018-09-14,53.204830169677734
2018-09-17,51.78817367553711
2018-09-18,51.87375259399414
2018-09-19,51.904666900634766
2018-09-20,52.299217224121094
2018-09-21,51.73589324951172
2018-09-24,52.47986602783203
2018-09-25,52.81264114379883
2018-09-26,52.39192199707031
2018-09-27,53.468666076660156
2018-09-28,53.65644454956055
2018-10-01,54.017723083496094
2018-10-02,54.497859954833984
2018-10-03,55.16101837158203
2018-10-04,54.191246032714844
2018-10-05,53.3117790222168
2018-10-08,53.18819046020508
2018-10-09,53.92503356933594
2018-10-10,51.4268913269043
2018-10-11,50.972900390625
2018-10-12,52.793609619140625
2018-10-15,51.66457748413086
2018-10-16,52.80312728881836
2018-10-17,52.574947357177734
2018-10-18,51.346092224121094
2018-10-19,52.12808609008789
2018-10-22,52.44658660888672
2018-10-23,52.94098663330078
2018-10-24,51.12501525878906
2018-10-25,52.24455642700195
2018-10-26,51.412628173828125
2018-10-29,50.44760513305664
2018-10-30,50.699554443359375
2018-10-31,52.0211181640625
2018-11-01,52.81975173950195
2018-11-02,49.31618118286133
2018-11-05,47.916202545166016
2018-11-06,48.43436050415039
2018-11-07,49.90329360961914
2018-11-08,49.72917175292969
2018-11-09,48.77030944824219
2018-11-12,46.31355667114258
2018-11-13,45.85082244873047
2018-11-14,44.55565643310547
2018-11-15,45.655242919921875
2018-11-16,46.16090393066406
2018-11-19,44.331451416015625
2018-11-20,42.213382720947266
2018-11-21,42.165679931640625
2018-11-23,41.0947265625
2018-11-26,41.650482177734375
2018-11-27,41.55984878540039
2018-11-28,43.157928466796875
2018-11-29,42.82638931274414
2018-11-30,42.59501266479492
2018-12-03,44.0833854675293
2018-12-04,42.14421844482422
2018-12-06,41.674339294433594
2018-12-07,40.188350677490234
2018-12-10,40.453102111816406
2018-12-11,40.22173309326172
2018-12-12,40.3338508605957
2018-12-13,40.77511215209961
2018-12-14,39.470401763916016
2018-12-17,39.103084564208984
2018-12-18,39.61112594604492
2018-12-19,38.37559127807617
2018-12-20,37.407196044921875
2018-12-21,35.952213287353516
2018-12-24,35.0219841003418
2018-12-26,37.4882926940918
2018-12-27,37.244998931884766
2018-12-28,37.26408386230469
2018-12-31,37.62424850463867
2019-01-02,37.66719055175781
2019-01-03,33.91526794433594
2019-01-04,35.363067626953125
2019-01-07,35.28435516357422
2019-01-08,35.956993103027344
2019-01-09,36.567604064941406
2019-01-10,36.68447494506836
2019-01-11,36.324310302734375
2019-01-14,35.77809524536133
2019-01-15,36.5103645324707
2019-01-16,36.95638656616211
2019-01-17,37.175838470458984
2019-01-18,37.40481948852539
2019-01-22,36.56521987915039
2019-01-23,36.71310043334961
2019-01-24,36.42210388183594
2019-01-25,37.62902069091797
2019-01-28,37.28077697753906
2019-01-29,36.89438247680664
2019-01-30,39.41553497314453
2019-01-31,39.69938278198242
2019-02-01,39.71846389770508
2019-02-04,40.84667205810547
2019-02-05,41.54552459716797
2019-02-06,41.55984878540039
2019-02-07,40.77272033691406
2019-02-08,40.82062530517578
2019-02-11,40.585872650146484
2019-02-12,40.93561553955078
2019-02-13,40.765533447265625
2019-02-14,40.9140510559082
2019-02-15,40.823028564453125
2019-02-19,40.94519805908203
2019-02-20,41.20868682861328
2019-02-21,40.9763298034668
2019-02-22,41.43385696411133
2019-02-25,41.73568344116211
2019-02-26,41.759647369384766
2019-02-27,41.88899612426758
2019-02-28,41.47698211669922
2019-03-01,41.91294860839844
2019-03-04,42.12375259399414
2019-03-05,42.04708480834961
2019-03-06,41.80515670776367
2019-03-07,41.3212776184082
2019-03-08,41.41948699951172
2019-03-11,42.85435104370117
2019-03-12,43.335845947265625
2019-03-13,43.52747344970703
2019-03-14,44.011348724365234
2019-03-15,44.58386993408203
2019-03-18,45.03899383544922
2019-03-19,44.682071685791016
2019-03-20,45.07252883911133
2019-03-21,46.732566833496094
2019-03-22,45.764808654785156
2019-03-25,45.21146774291992
2019-03-26,44.74435043334961
2019-03-27,45.146785736083984
2019-03-28,45.20668029785156
2019-03-29,45.501312255859375
2019-04-01,45.8103141784668
2019-04-02,46.47625732421875
2019-04-03,46.79484939575195
2019-04-04,46.87629318237305
2019-04-05,47.19009780883789
2019-04-08,47.93267822265625
2019-04-09,47.7889518737793
2019-04-10,48.0572509765625
2019-04-11,47.65720748901367
2019-04-12,47.63804244995117
2019-04-15,47.72427749633789
2019-04-16,47.729068756103516
2019-04-17,48.65849685668945
2019-04-18,48.83336639404297
2019-04-22,48.993858337402344
2019-04-23,49.70051193237305
2019-04-24,49.623863220214844
2019-04-25,49.17351531982422
2019-04-26,48.938758850097656
2019-04-29,49.01301956176758
2019-04-30,48.0692138671875
2019-05-01,50.42873764038086
2019-05-02,50.10054397583008
2019-05-03,50.72335433959961
2019-05-06,49.9400634765625
2019-05-07,48.59381103515625
2019-05-08,48.603397369384766
2019-05-09,48.08119201660156
2019-05-10,47.41510009765625
2019-05-13,44.659366607666016
2019-05-14,45.3663330078125
2019-05-15,45.909793853759766
2019-05-16,45.70780563354492
2019-05-17,45.44810485839844
2019-05-20,44.02694320678711
2019-05-21,44.870975494384766
2019-05-22,43.952396392822266
2019-05-23,43.20214080810547
2019-05-24,43.03622055053711
2019-05-28,42.8582649230957
2019-05-29,42.653873443603516
2019-05-30,42.8751106262207
2019-05-31,42.09840774536133
2019-06-03,41.67278289794922
2019-06-04,43.197330474853516
2019-06-05,43.894683837890625
2019-06-06,44.53913116455078
2019-06-07,45.72462463378906
2019-06-10,46.3089599609375
2019-06-11,46.8452033996582
2019-06-12,46.696109771728516
2019-06-13,46.68649673461914
2019-06-14,46.34743118286133
2019-06-17,46.62397384643555
2019-06-18,47.72050094604492
2019-06-19,47.58102798461914
2019-06-20,47.96336364746094
2019-06-21,47.79985427856445
2019-06-24,47.75176239013672
2019-06-25,47.0279541015625
2019-06-26,48.04513168334961
2019-06-27,48.030696868896484
2019-06-28,47.59305191040039
2019-07-01,48.4659423828125
2019-07-02,48.749698638916016
2019-07-03,49.15367126464844
2019-07-05,49.110389709472656
2019-07-08,48.0980339050293
2019-07-09,48.39139938354492
2019-07-10,48.86992263793945
2019-07-11,48.5140380859375
2019-07-12,48.886749267578125
2019-07-15,49.346046447753906
2019-07-16,49.175315856933594
2019-07-17,48.8987922668457
2019-07-18,49.45426559448242
2019-07-19,48.71603012084961
2019-07-22,49.82939529418945
2019-07-23,50.218936920166016
2019-07-24,50.178062438964844
2019-07-25,49.78129959106445
2019-07-26,49.95442581176758
2019-07-29,50.420928955078125
2019-07-30,50.20451736450195
2019-07-31,51.228904724121094
2019-08-01,50.12034225463867
2019-08-02,49.059898376464844
2019-08-05,46.49171447753906
2019-08-06,47.37183380126953
2019-08-07,47.86237716674805
2019-08-08,48.91801834106445
2019-08-09,48.51492691040039
2019-08-12,48.391815185546875
2019-08-13,50.441131591796875
2019-08-14,48.939754486083984
2019-08-15,48.695953369140625
2019-08-16,49.844913482666016
2019-08-19,50.774234771728516
2019-08-20,50.77664566040039
2019-08-21,51.326995849609375
2019-08-22,51.283546447753906
2019-08-23,48.913185119628906
2019-08-26,49.84250259399414
2019-08-27,49.280094146728516
2019-08-28,49.61079025268555
2019-08-29,50.450782775878906
2019-08-30,50.385616302490234
2019-09-03,49.65182876586914
2019-09-04,50.49422836303711
2019-09-05,51.48147964477539
2019-09-06,51.47663879394531
2019-09-09,51.6963005065918
2019-09-10,52.30698013305664
2019-09-11,53.9700927734375
2019-09-12,53.84941101074219
2019-09-13,52.801822662353516
2019-09-16,53.079402923583984
2019-09-17,53.27251052856445
2019-09-18,53.77217483520508
2019-09-19,53.33528137207031
2019-09-20,52.55561065673828
2019-09-23,52.794578552246094
2019-09-24,52.54353713989258
2019-09-25,53.35216522216797
2019-09-26,53.07699203491211
2019-09-27,52.8187141418457
2019-09-30,54.06182098388672
2019-10-01,54.211490631103516
2019-10-02,52.85252380371094
2019-10-03,53.301483154296875
2019-10-04,54.79561233520508
2019-10-07,54.80768585205078
2019-10-08,54.165618896484375
2019-10-09,54.800445556640625
2019-10-10,55.539066314697266
2019-10-11,57.01631546020508
2019-10-14,56.93424606323242
2019-10-15,56.801483154296875
2019-10-16,56.57217788696289
2019-10-17,56.791831970214844
2019-10-18,57.06459045410156
2019-10-21,58.054229736328125
2019-10-22,57.9214973449707
2019-10-23,58.6987190246582
2019-10-24,58.795284271240234
2019-10-25,59.51941680908203
2019-10-28,60.11561965942383
2019-10-29,58.72527313232422
2019-10-30,58.7180290222168
2019-10-31,60.045623779296875
2019-11-01,61.74977493286133
2019-11-04,62.1552848815918
2019-11-05,62.065975189208984
2019-11-06,62.09253692626953
2019-11-07,62.809139251708984
2019-11-08,62.981056213378906
2019-11-11,63.479793548583984
2019-11-12,63.421688079833984
2019-11-13,64.02935028076172
2019-11-14,63.5863151550293
2019-11-15,64.34169006347656
2019-11-18,64.66609191894531
2019-11-19,64.46998596191406
2019-11-20,63.719478607177734
2019-11-21,63.433799743652344
2019-11-22,63.37808609008789
2019-11-25,64.48937225341797
2019-11-26,63.985782623291016
2019-11-27,64.84526062011719
2019-11-29,64.70240783691406
2019-12-02,63.95429611206055
2019-12-03,62.814002990722656
2019-12-04,63.368408203125
2019-12-05,64.29808044433594
2019-12-06,65.54010009765625
2019-12-09,64.62252044677734
2019-12-10,65.00020599365234
2019-12-11,65.55462646484375
2019-12-12,65.72164154052734
2019-12-13,66.61502075195312
2019-12-16,67.7553482055664
2019-12-17,67.88850402832031
2019-12-18,67.7262954711914
2019-12-19,67.79409790039062
2019-12-20,67.65365600585938
2019-12-23,68.75767517089844
2019-12-24,68.8230209350586
2019-12-26,70.1884994506836
2019-12-27,70.161865234375
2019-12-30,70.57829284667969
2019-12-31,71.09396362304688
2020-01-02,72.716064453125
2020-01-03,72.00914001464844
2020-01-06,72.58291625976562
2020-01-07,72.24153137207031
2020-01-08,73.40364837646484
2020-01-09,74.96279907226562
2020-01-10,75.13228607177734
2020-01-13,76.7374267578125
2020-01-14,75.70121765136719
2020-01-15,75.37679290771484
2020-01-16,76.32099914550781
2020-01-17,77.16595458984375
2020-01-21,76.64300537109375
2020-01-22,76.91658782958984
2020-01-23,77.28697967529297
2020-01-24,77.06426239013672
2020-01-27,74.79815673828125
2020-01-28,76.91413879394531
2020-01-29,78.5241470336914
2020-01-30,78.41036224365234
2020-01-31,74.93375396728516
2020-02-03,74.72795104980469
2020-02-04,77.19500732421875
2020-02-05,77.82447814941406
2020-02-06,78.73477172851562
2020-02-07,77.66455841064453
2020-02-10,78.03343963623047
2020-02-11,77.5626449584961
2020-02-12,79.40457153320312
2020-02-13,78.8391342163086
2020-02-14,78.8585433959961
2020-02-18,77.41461944580078
2020-02-19,78.53575897216797
2020-02-20,77.7301025390625
2020-02-21,75.97067260742188
2020-02-24,72.36201477050781
2020-02-25,69.91098022460938
2020-02-26,71.02002716064453
2020-02-27,66.37754821777344
2020-02-28,66.33873748779297
2020-03-02,72.5149154663086
2020-03-03,70.2118911743164
2020-03-04,73.4686508178711
2020-03-05,71.08554077148438
2020-03-06,70.14151000976562
2020-03-09,64.59387969970703
2020-03-10,69.24603271484375
2020-03-11,66.8410873413086
2020-03-12,60.24021530151367
2020-03-13,67.4574966430664
2020-03-16,58.7792854309082
2020-03-17,61.36381912231445
2020-03-18,59.86164093017578
2020-03-19,59.4029655456543
2020-03-20,55.63174057006836
2020-03-23,54.44989013671875
2020-03-24,59.91259765625
2020-03-25,59.582557678222656
2020-03-26,62.71797561645508
2020-03-27,60.12129592895508
2020-03-30,61.8370361328125
2020-03-31,61.71084213256836
2020-04-01,58.46380615234375
2020-04-02,59.439369201660156
2020-04-03,58.58514404296875
2020-04-06,63.69597244262695
2020-04-07,62.95820617675781
2020-04-08,64.56961059570312
2020-04-09,65.03553771972656
2020-04-13,66.31204223632812
2020-04-14,69.66100311279297
2020-04-15,69.02518463134766
2020-04-16,69.57365417480469
2020-04-17,68.62963104248047
2020-04-20,67.20508575439453
2020-04-21,65.12777709960938
2020-04-22,67.00369262695312
2020-04-23,66.7440185546875
2020-04-24,68.6708755493164
2020-04-27,68.71942138671875
2020-04-28,67.60551452636719
2020-04-29,69.8260269165039
2020-04-30,71.29907989501953
2020-05-01,70.15123748779297
2020-05-04,71.14379119873047
2020-05-05,72.2115707397461
2020-05-06,72.95659637451172
2020-05-07,73.71131134033203
2020-05-08,75.46578216552734
2020-05-11,76.65325927734375
2020-05-12,75.77725219726562
2020-05-13,74.86229705810547
2020-05-14,75.32220458984375
2020-05-15,74.87690734863281
2020-05-18,76.64107513427734
2020-05-19,76.19823455810547
2020-05-20,77.68012237548828
2020-05-21,77.10099029541016
2020-05-22,77.59739685058594
2020-05-26,77.07179260253906
2020-05-27,77.40758514404297
2020-05-28,77.44166564941406
2020-05-29,77.3662338256836
2020-06-01,78.31768798828125
2020-06-02,78.68025970458984
2020-06-03,79.1133804321289
2020-06-04,78.43205261230469
2020-06-05,80.66586303710938
2020-06-08,81.14279174804688
2020-06-09,83.70513153076172
2020-06-10,85.85865020751953
2020-06-11,81.73653411865234
2020-06-12,82.44223022460938
2020-06-15,83.46180725097656
2020-06-16,85.6737289428711
2020-06-17,85.55448150634766
2020-06-18,85.58856201171875
2020-06-19,85.09944915771484
2020-06-22,87.32598876953125
2020-06-23,89.1899185180664
2020-06-24,87.61553192138672
2020-06-25,88.77867889404297
2020-06-26,86.0508804321289
2020-06-29,88.0340805053711
2020-06-30,88.76895904541016
2020-07-01,88.6010513305664
2020-07-02,88.6010513305664
2020-07-06,90.97115325927734
2020-07-07,90.68887329101562
2020-07-08,92.8010482788086
2020-07-09,93.20011138916016
2020-07-10,93.36312866210938
2020-07-13,92.93242645263672
2020-07-14,94.4703140258789
2020-07-15,95.12002563476562
2020-07-16,93.94957733154297
2020-07-17,93.7597885131836
2020-07-20,95.73564910888672
2020-07-21,94.41434478759766
2020-07-22,94.67958068847656
2020-07-23,90.3701171875
2020-07-24,90.14623260498047
2020-07-27,92.28272247314453
2020-07-28,90.7667465209961
2020-07-29,92.50659942626953
2020-07-30,93.6259536743164
2020-07-31,103.4275131225586
2020-08-03,106.03363800048828
2020-08-04,106.74175262451172
2020-08-05,107.128662109375
2020-08-06,110.86627960205078
2020-08-07,108.34565734863281
2020-08-10,109.92042541503906
2020-08-11,106.65144348144531
2020-08-12,110.1959228515625
2020-08-13,112.14610290527344
2020-08-14,112.04617309570312
2020-08-17,111.75362396240234
2020-08-18,112.6848373413086
2020-08-19,112.82624053955078
2020-08-20,115.32978057861328
2020-08-21,121.2730484008789
2020-08-24,122.72348022460938
2020-08-25,121.71672058105469
2020-08-26,123.37191772460938
2020-08-27,121.89710235595703
2020-08-28,121.69963836669922
2020-08-31,125.82675170898438
2020-09-01,130.83877563476562
2020-09-02,128.1279754638672
2020-09-03,117.86993408203125
2020-09-04,117.94793701171875
2020-09-08,110.01065063476562
2020-09-09,114.39859771728516
2020-09-10,110.66395568847656
2020-09-11,109.21105194091797
2020-09-14,112.48736572265625
2020-09-15,112.66291809082031
2020-09-16,109.33782196044922
2020-09-17,107.59239959716797
2020-09-18,104.17953491210938
2020-09-21,107.33887481689453
2020-09-22,109.02578735351562
2020-09-23,104.45258331298828
2020-09-24,105.52518463134766
2020-09-25,109.48410034179688
2020-09-28,112.09732818603516
2020-09-29,111.24901580810547
2020-09-30,112.92618560791016
2020-10-01,113.88180541992188
2020-10-02,110.20565795898438
2020-10-05,113.59900665283203
2020-10-06,110.34217071533203
2020-10-07,112.21437072753906
2020-10-08,112.10710144042969
2020-10-09,114.05729675292969
2020-10-12,121.30231475830078
2020-10-13,118.08447265625
2020-10-14,118.17223358154297
2020-10-15,117.70417022705078
2020-10-16,116.05624389648438
2020-10-19,113.09195709228516
2020-10-20,114.58385467529297
2020-10-21,113.95980072021484
2020-10-22,112.86768341064453
2020-10-23,112.17536163330078
2020-10-26,112.18511199951172
2020-10-27,113.6965103149414
2020-10-28,108.43097686767578
2020-10-29,112.44837951660156
2020-10-30,106.14924621582031
2020-11-02,106.06148529052734
2020-11-03,107.6899185180664
2020-11-04,112.08758544921875
2020-11-05,116.06603240966797
2020-11-06,115.93415069580078
2020-11-09,113.61917114257812
2020-11-10,113.27729034423828
2020-11-11,116.71556091308594
2020-11-12,116.44207763671875
2020-11-13,116.49089813232422
2020-11-16,117.50676727294922
2020-11-17,116.61788940429688
2020-11-18,115.2894515991211
2020-11-19,115.88529968261719
2020-11-20,114.61547088623047
2020-11-23,111.20651245117188
2020-11-24,112.49588012695312
2020-11-25,113.33589935302734
2020-11-27,113.88289642333984
2020-11-30,116.2857894897461
2020-12-01,119.87057495117188
2020-12-02,120.22219848632812
2020-12-03,120.08545684814453
2020-12-04,119.41146850585938
2020-12-07,120.87664794921875
2020-12-08,121.49201202392578
2020-12-09,118.952392578125
2020-12-10,120.37849426269531
2020-12-11,119.5677719116211
2020-12-14,118.952392578125
2020-12-15,124.91075134277344
2020-12-16,124.84237670898438
2020-12-17,125.71171569824219
2020-12-18,123.7190933227539
2020-12-21,125.25263214111328
2020-12-22,128.81787109375
2020-12-23,127.91927337646484
2020-12-24,128.90579223632812
2020-12-28,133.51620483398438
2020-12-29,131.7384490966797
2020-12-30,130.61517333984375
2020-12-31,129.6090850830078
2021-01-04,126.40523529052734
2021-01-05,127.96809387207031
2021-01-06,123.66046905517578
2021-01-07,127.88017272949219
2021-01-08,128.9839324951172
2021-01-11,125.98522186279297
2021-01-12,125.80940246582031
2021-01-13,127.85088348388672
2021-01-14,125.91682434082031
2021-01-15,124.18793487548828
2021-01-19,124.86192321777344
2021-01-20,128.96441650390625
2021-01-21,133.69200134277344
2021-01-22,135.8409423828125
2021-01-25,139.60154724121094
2021-01-26,139.83599853515625
2021-01-27,138.76150512695312
2021-01-28,133.90692138671875
2021-01-29,128.89599609375
2021-02-01,131.02542114257812
2021-02-02,131.85568237304688
2021-02-03,130.83006286621094
2021-02-04,134.19993591308594
2021-02-05,133.78416442871094
2021-02-08,133.930908203125
2021-02-09,133.05047607421875
2021-02-10,132.44400024414062
2021-02-11,132.1896514892578
2021-02-12,132.4244384765625
2021-02-16,130.2918701171875
2021-02-17,127.99302673339844
2021-02-18,126.88760375976562
2021-02-19,127.04412078857422
2021-02-22,123.25833892822266
2021-02-23,123.12138366699219
2021-02-24,122.6224594116211
2021-02-25,118.35733032226562
2021-02-26,118.62146759033203
2021-03-01,125.00936889648438
2021-03-02,122.3974838256836
2021-03-03,119.40406036376953
2021-03-04,117.51606750488281
2021-03-05,118.77798461914062
2021-03-08,113.82807922363281
2021-03-09,118.45516204833984
2021-03-10,117.36933135986328
2021-03-11,119.30622863769531
2021-03-12,118.3964614868164
2021-03-15,121.29206848144531
2021-03-16,122.83769226074219
2021-03-17,122.0453109741211
2021-03-18,117.90734100341797
2021-03-19,117.37910461425781
2021-03-22,120.70512390136719
2021-03-23,119.87361145019531
2021-03-24,117.47692108154297
2021-03-25,117.9660415649414
2021-03-26,118.57256317138672
2021-03-29,118.74862670898438
2021-03-30,117.29106140136719
2021-03-31,119.49209594726562
2021-04-01,120.32361602783203
2021-04-05,123.16050720214844
2021-04-06,123.46375274658203
2021-04-07,125.11698150634766
2021-04-08,127.52347564697266
2021-04-09,130.1060333251953
2021-04-12,128.3843231201172
2021-04-13,131.50491333007812
2021-04-14,129.15711975097656
2021-04-15,131.5733642578125
2021-04-16,131.24075317382812
2021-04-19,131.90599060058594
2021-04-20,130.21360778808594
2021-04-21,130.59512329101562
2021-04-22,129.06907653808594
2021-04-23,131.39730834960938
2021-04-26,131.78858947753906
2021-04-27,131.4657745361328
2021-04-28,130.6734161376953
2021-04-29,130.57553100585938
2021-04-30,128.5995330810547
2021-05-03,129.65599060058594
2021-05-04,125.06804656982422
2021-05-05,125.3126449584961
2021-05-06,126.91694641113281
2021-05-07,127.59307098388672
2021-05-10,124.30061340332031
2021-05-11,123.37950134277344
2021-05-12,120.30259704589844
2021-05-13,122.45838165283203
2021-05-14,124.8885498046875
2021-05-17,123.73224639892578
2021-05-18,122.3407974243164
2021-05-19,122.18402099609375
2021-05-20,124.75135803222656
2021-05-21,122.9091567993164
2021-05-24,124.54557037353516
2021-05-25,124.349609375
2021-05-26,124.30061340332031
2021-05-27,122.76216888427734
2021-05-28,122.1056137084961
2021-06-01,121.78224182128906
2021-06-02,122.54655456542969
2021-06-03,121.05711364746094
2021-06-04,123.35990142822266
2021-06-07,123.36971282958984
2021-06-08,124.19280242919922
2021-06-09,124.5749740600586
2021-06-10,123.57547760009766
2021-06-11,124.79055786132812
2021-06-14,127.85763549804688
2021-06-15,127.03453826904297
2021-06-16,127.5342788696289
2021-06-17,129.14134216308594
2021-06-18,127.83808135986328
2021-06-21,129.6410675048828
2021-06-22,131.28729248046875
2021-06-23,131.01296997070312
2021-06-24,130.72879028320312
2021-06-25,130.434814453125
2021-06-28,132.0712432861328
2021-06-29,133.59007263183594
2021-06-30,134.20741271972656
2021-07-01,134.51119995117188
2021-07-02,137.14715576171875
2021-07-06,139.16574096679688
2021-07-07,141.6644744873047
2021-07-08,140.3611602783203
2021-07-09,142.19358825683594
2021-07-12,141.59588623046875
2021-07-13,142.7129669189453
2021-07-14,146.15243530273438
2021-07-15,145.49588012695312
2021-07-16,143.44789123535156
2021-07-19,139.58706665039062
2021-07-20,143.21273803710938
2021-07-21,142.47779846191406
2021-07-22,143.84967041015625
2021-07-23,145.5742645263672
2021-07-26,145.9956512451172
2021-07-27,143.82029724121094
2021-07-28,142.0662078857422
2021-07-29,142.7129669189453
2021-07-30,142.92857360839844
2021-08-02,142.59539794921875
2021-08-03,144.39840698242188
2021-08-04,143.99667358398438
2021-08-05,144.1044464111328
2021-08-06,143.41744995117188
2021-08-09,143.36839294433594
2021-08-10,142.88754272460938
2021-08-11,143.1427001953125
2021-08-12,146.11624145507812
2021-08-13,146.3223419189453
2021-08-16,148.3046875
2021-08-17,147.3920440673828
2021-08-18,143.63339233398438
2021-08-19,143.96702575683594
2021-08-20,145.4292755126953
2021-08-23,146.92100524902344
2021-08-24,146.8326416015625
2021-08-25,145.59608459472656
2021-08-26,144.79136657714844
2021-08-27,145.83164978027344
2021-08-30,150.2674560546875
2021-08-31,149.00146484375
2021-09-01,149.66879272460938
2021-09-02,150.78756713867188
2021-09-03,151.42544555664062
2021-09-07,153.77096557617188
2021-09-08,152.22036743164062
2021-09-09,151.1997528076172
2021-09-10,146.19473266601562
2021-09-13,146.7639923095703
2021-09-14,145.36058044433594
2021-09-15,146.25364685058594
2021-09-16,146.01809692382812
2021-09-17,143.3389434814453
2021-09-20,140.27711486816406
2021-09-21,140.75794982910156
2021-09-22,143.1328887939453
2021-09-23,144.09461975097656
2021-09-24,144.1829376220703
2021-09-27,142.6618194580078
2021-09-28,139.26626586914062
2021-09-29,140.16912841796875
2021-09-30,138.86392211914062
2021-10-01,139.99249267578125
2021-10-04,136.54788208007812
2021-10-05,138.48118591308594
2021-10-06,139.35459899902344
2021-10-07,140.6205596923828
2021-10-08,140.23782348632812
2021-10-11,140.14952087402344
2021-10-12,138.8737030029297
2021-10-13,138.28488159179688
2021-10-14,141.08177185058594
2021-10-15,142.1416778564453
2021-10-18,143.81983947753906
2021-10-19,145.9886474609375
2021-10-20,146.4793243408203
2021-10-21,146.6952667236328
2021-10-22,145.91998291015625
2021-10-25,145.87091064453125
2021-10-26,146.53826904296875
2021-10-27,146.07699584960938
2021-10-28,149.72769165039062
2021-10-29,147.0093231201172
2021-11-01,146.1849365234375
2021-11-02,147.22518920898438
2021-11-03,148.66778564453125
2021-11-04,148.14768981933594
2021-11-05,148.6783905029297
2021-11-08,147.85281372070312
2021-11-09,148.2164764404297
2021-11-10,145.3761749267578
2021-11-11,145.32704162597656
2021-11-12,147.4105682373047
2021-11-15,147.42039489746094
2021-11-16,148.40321350097656
2021-11-17,150.8503875732422
2021-11-18,155.15505981445312
2021-11-19,157.78897094726562
2021-11-22,158.25091552734375
2021-11-23,158.63418579101562
2021-11-24,159.1550750732422
2021-11-26,154.11328125
2021-11-29,157.48428344726562
2021-11-30,162.4573211669922
2021-12-01,161.9364013671875
2021-12-02,160.9437255859375
2021-12-03,159.05679321289062
2021-12-06,162.47694396972656
2021-12-07,168.23614501953125
2021-12-08,172.06910705566406
2021-12-09,171.5580291748047
2021-12-10,176.3639373779297
2021-12-13,172.71774291992188
2021-12-14,171.33200073242188
2021-12-15,176.21653747558594
2021-12-16,169.29757690429688
2021-12-17,168.19688415527344
2021-12-20,166.8307647705078
2021-12-21,170.01507568359375
2021-12-22,172.61944580078125
2021-12-23,173.24847412109375
2021-12-27,177.2288360595703
2021-12-28,176.20668029785156
2021-12-29,176.29515075683594
2021-12-30,175.1354522705078
2021-12-31,174.51625061035156
2022-01-03,178.87991333007812
2022-01-04,176.60963439941406
2022-01-05,171.91183471679688
2022-01-06,169.04208374023438
2022-01-07,169.20913696289062
2022-01-10,169.2288055419922
2022-01-11,172.06910705566406
2022-01-12,172.51136779785156
2022-01-13,169.2288055419922
2022-01-14,170.09368896484375
2022-01-18,166.87989807128906
2022-01-19,163.37130737304688
2022-01-20,161.68087768554688
2022-01-21,159.6169891357422
2022-01-24,158.84056091308594
2022-01-25,157.0322265625
2022-01-26,156.94375610351562
2022-01-27,156.4818878173828
2022-01-28,167.40081787109375
2022-01-31,171.77423095703125
2022-02-01,171.60719299316406
2022-02-02,172.8160400390625
2022-02-03,169.92660522460938
2022-02-04,169.64120483398438
2022-02-07,168.9228515625
2022-02-08,172.0423126220703
2022-02-09,173.46920776367188
2022-02-10,169.37550354003906
2022-02-11,165.95101928710938
2022-02-14,166.18722534179688
2022-02-15,170.0348358154297
2022-02-16,169.7986602783203
2022-02-17,166.18722534179688
2022-02-18,164.63238525390625
2022-02-22,161.6998748779297
2022-02-23,157.51766967773438
2022-02-24,160.14508056640625
2022-02-25,162.22146606445312
2022-02-28,162.4871368408203
2022-03-01,160.59774780273438
2022-03-02,163.90419006347656
2022-03-03,163.57945251464844
2022-03-04,160.56822204589844
2022-03-07,156.7599334716797
2022-03-08,154.92962646484375
2022-03-09,160.3517303466797
2022-03-10,155.99237060546875
2022-03-11,152.2627716064453
2022-03-14,148.21832275390625
2022-03-15,152.61708068847656
2022-03-16,157.0452880859375
2022-03-17,158.05886840820312
2022-03-18,161.36532592773438
2022-03-21,162.74301147460938
2022-03-22,166.12815856933594
2022-03-23,167.49598693847656
2022-03-24,171.29441833496094
2022-03-25,171.93405151367188
2022-03-28,172.80001831054688
2022-03-29,176.1064910888672
2022-03-30,174.9354248046875
2022-03-31,171.82582092285156
2022-04-01,171.5305938720703
2022-04-04,175.59474182128906
2022-04-05,172.26864624023438
2022-04-06,169.09011840820312
2022-04-07,169.3951873779297
2022-04-08,167.37789916992188
2022-04-11,163.10708618164062
2022-04-12,164.9866485595703
2022-04-13,167.68295288085938
2022-04-14,162.65440368652344
2022-04-18,162.4379119873047
2022-04-19,164.7307586669922
2022-04-20,164.56346130371094
2022-04-21,163.76641845703125
2022-04-22,159.21022033691406
2022-04-25,160.28285217285156
2022-04-26,154.29978942871094
2022-04-27,154.07347106933594
2022-04-28,161.03074645996094
2022-04-29,155.13624572753906
2022-05-02,155.44131469726562
2022-05-03,156.93707275390625
2022-05-04,163.372802734375
2022-05-05,154.27027893066406
2022-05-06,154.99951171875
2022-05-09,149.855224609375
2022-05-10,152.26971435546875
2022-05-11,144.37583923339844
2022-05-12,140.49298095703125
2022-05-13,144.9770050048828
2022-05-16,143.4297637939453
2022-05-17,147.0761260986328
2022-05-18,138.7781982421875
2022-05-19,135.35853576660156
2022-05-20,135.59503173828125
2022-05-23,141.0350341796875
2022-05-24,138.32485961914062
2022-05-25,138.48257446289062
2022-05-26,141.6952667236328
2022-05-27,147.47030639648438
2022-05-31,146.68191528320312
2022-06-01,146.55380249023438
2022-06-02,149.01754760742188
2022-06-03,143.2720947265625
2022-06-06,144.0210418701172
2022-06-07,146.55380249023438
2022-06-08,145.814697265625
2022-06-09,140.5718231201172
2022-06-10,135.1416778564453
2022-06-13,129.9678497314453
2022-06-14,130.83506774902344
2022-06-15,133.46633911132812
2022-06-16,128.1742401123047
2022-06-17,129.65248107910156
2022-06-21,133.89999389648438
2022-06-22,133.3875274658203
2022-06-23,136.2651824951172
2022-06-24,139.60601806640625
2022-06-27,139.60601806640625
2022-06-28,135.4472198486328
2022-06-29,137.2112579345703
2022-06-30,134.73765563964844
2022-07-01,136.9156036376953
2022-07-05,139.5074920654297
2022-07-06,140.84774780273438
2022-07-07,144.22801208496094
2022-07-08,144.90802001953125
2022-07-11,142.76947021484375
2022-07-12,143.7451171875
2022-07-13,143.38050842285156
2022-07-14,146.31729125976562
2022-07-15,147.99261474609375
2022-07-18,144.93759155273438
2022-07-19,148.8105926513672
2022-07-20,150.82101440429688
2022-07-21,153.0975341796875
2022-07-22,151.85581970214844
2022-07-25,150.7322998046875
2022-07-26,149.40191650390625
2022-07-27,154.51661682128906
2022-07-28,155.06854248046875
2022-07-29,160.15371704101562
2022-08-01,159.168212890625
2022-08-02,157.68995666503906
2022-08-03,163.72122192382812
2022-08-04,163.40585327148438
2022-08-05,163.1788787841797
2022-08-08,162.70518493652344
2022-08-09,162.75454711914062
2022-08-10,167.01780700683594
2022-08-11,166.27769470214844
2022-08-12,169.8402557373047
2022-08-15,170.91595458984375
2022-08-16,170.75807189941406
2022-08-17,172.25808715820312
2022-08-18,171.8633270263672
2022-08-19,169.2678680419922
2022-08-22,165.36973571777344
2022-08-23,165.03421020507812
2022-08-24,165.33026123046875
2022-08-25,167.7974395751953
2022-08-26,161.4716033935547
2022-08-29,159.26101684570312
2022-08-30,156.8234405517578
2022-08-31,155.1556396484375
2022-09-01,155.8859405517578
2022-09-02,153.76412963867188
2022-09-06,152.50096130371094
2022-09-07,153.91217041015625
2022-09-08,152.43186950683594
2022-09-09,155.30368041992188
2022-09-12,161.28407287597656
2022-09-13,151.82000732421875
2022-09-14,153.27072143554688
2022-09-15,150.3693389892578
2022-09-16,148.72122192382812
2022-09-19,152.4516143798828
2022-09-20,154.83982849121094
2022-09-21,151.70159912109375
2022-09-22,150.7344512939453
2022-09-23,148.4547882080078
2022-09-26,148.7903289794922
2022-09-27,149.76731872558594
2022-09-28,147.87254333496094
2022-09-29,140.60916137695312
2022-09-30,136.38534545898438
2022-10-03,140.57955932617188
2022-10-04,144.181640625
2022-10-05,144.4777069091797
2022-10-06,143.52044677734375
2022-10-07,138.25054931640625
2022-10-10,138.57620239257812
2022-10-11,137.15512084960938
2022-10-12,136.52354431152344
2022-10-13,141.11248779296875
2022-10-14,136.56301879882812
2022-10-17,140.5401153564453
2022-10-18,141.8625030517578
2022-10-19,141.9710693359375
2022-10-20,141.50723266601562
2022-10-21,145.33628845214844
2022-10-24,147.48765563964844
2022-10-25,150.33970642089844
2022-10-26,147.3889617919922
2022-10-27,142.89874267578125
2022-10-28,153.69508361816406
2022-10-31,151.32655334472656
2022-11-01,148.67190551757812
2022-11-02,143.12570190429688
2022-11-03,137.05645751953125
2022-11-04,136.78955078125
2022-11-07,137.3233642578125
2022-11-08,137.8966827392578
2022-11-09,133.3198699951172
2022-11-10,145.18197631835938
2022-11-11,147.97946166992188
2022-11-14,146.5757598876953
2022-11-15,148.3155059814453
2022-11-16,147.0799102783203
2022-11-17,148.9877471923828
2022-11-18,149.55117797851562
2022-11-21,146.30886840820312
2022-11-22,148.4539031982422
2022-11-23,149.33370971679688
2022-11-25,146.40771484375
2022-11-28,142.5624237060547
2022-11-29,139.54747009277344
2022-11-30,146.32862854003906
2022-12-01,146.6054229736328
2022-12-02,146.11117553710938
2022-12-05,144.94471740722656
2022-12-06,141.2675018310547
2022-12-07,139.32012939453125
2022-12-08,141.01048278808594
2022-12-09,140.52610778808594
2022-12-12,142.829345703125
2022-12-13,143.79808044433594
2022-12-14,141.56405639648438
2022-12-15,134.9311981201172
2022-12-16,132.96400451660156
2022-12-19,130.84861755371094
2022-12-20,130.77943420410156
2022-12-21,133.8932342529297
2022-12-22,130.710205078125
2022-12-23,130.344482421875
2022-12-27,128.5355224609375
2022-12-28,124.59136962890625
2022-12-29,128.12034606933594
2022-12-30,128.43667602539062
2023-01-03,123.63253021240234
2023-01-04,124.90770721435547
2023-01-05,123.58309173583984
2023-01-06,128.1302490234375
2023-01-09,128.6541290283203
2023-01-10,129.2274627685547
2023-01-11,131.95578002929688
2023-01-12,131.87667846679688
2023-01-13,133.21115112304688
2023-01-17,134.3776092529297
2023-01-18,133.65599060058594
2023-01-19,133.71530151367188
2023-01-20,136.285400390625
2023-01-23,139.48817443847656
2023-01-24,140.891845703125
2023-01-25,140.22955322265625
2023-01-26,142.305419921875
2023-01-27,144.2527618408203
2023-01-30,141.35646057128906
2023-01-31,142.631591796875
2023-02-01,143.75852966308594
2023-02-02,149.08657836914062
2023-02-03,152.72425842285156
2023-02-06,149.98609924316406
2023-02-07,152.87255859375
2023-02-08,150.17393493652344
2023-02-09,149.135986328125
2023-02-10,149.50230407714844
2023-02-13,152.31396484375
2023-02-14,151.67044067382812
2023-02-15,153.77919006347656
2023-02-16,152.17535400390625
2023-02-17,151.02694702148438
2023-02-21,146.99757385253906
2023-02-22,147.42327880859375
2023-02-23,147.90838623046875
2023-02-24,145.2452392578125
2023-02-27,146.44314575195312
2023-02-28,145.93824768066406
2023-03-01,143.85922241210938
2023-03-02,144.45323181152344
2023-03-03,149.52210998535156
2023-03-06,152.2941436767578
2023-03-07,150.08644104003906
2023-03-08,151.34373474121094
2023-03-09,149.08648681640625
2023-03-10,147.0173797607422
2023-03-13,148.96771240234375
2023-03-14,151.0665283203125
2023-03-15,151.46255493164062
2023-03-16,154.2939910888672
2023-03-17,153.45248413085938
2023-03-20,155.82852172851562
2023-03-21,157.6897430419922
2023-03-22,156.2542266845703
2023-03-23,157.3432159423828
2023-03-24,158.6500701904297
2023-03-27,156.69972229003906
2023-03-28,156.07603454589844
2023-03-29,159.1648712158203
2023-03-30,160.73899841308594
2023-03-31,163.25360107421875
2023-04-03,164.51095581054688
2023-04-04,163.97633361816406
2023-04-05,162.125
2023-04-06,163.0160369873047
2023-04-10,160.41229248046875
2023-04-11,159.194580078125
2023-04-12,158.50155639648438
2023-04-13,163.9070587158203
2023-04-14,163.56053161621094
2023-04-17,163.58033752441406
2023-04-18,164.80795288085938
2023-04-19,165.95639038085938
2023-04-20,164.9861602783203
2023-04-21,163.3724365234375
2023-04-24,163.67935180664062
2023-04-25,162.13491821289062
2023-04-26,162.125
2023-04-27,166.7285919189453
2023-04-28,167.9859161376953
2023-05-01,167.8968048095703
2023-05-02,166.85728454589844
2023-05-03,165.77818298339844
2023-05-04,164.13473510742188
2023-05-05,171.83706665039062
2023-05-08,171.7677459716797
2023-05-09,170.05502319335938
2023-05-10,171.82717895507812
2023-05-11,172.01528930664062
2023-05-12,171.08335876464844
2023-05-15,170.58767700195312
2023-05-16,170.58767700195312
2023-05-17,171.2023162841797
2023-05-18,173.5419921875
2023-05-19,173.65106201171875
2023-05-22,172.69931030273438
2023-05-23,170.08204650878906
2023-05-24,170.359619140625
2023-05-25,171.499755859375
2023-05-26,173.918701171875
2023-05-30,175.77259826660156
2023-05-31,175.7230682373047
2023-06-01,178.53857421875
2023-06-02,179.3911590576172
2023-06-05,178.032958984375
2023-06-06,177.66616821289062
2023-06-07,176.2881622314453
2023-06-08,179.01446533203125
2023-06-09,179.40110778808594
2023-06-12,182.2067108154297
2023-06-13,181.7308349609375
2023-06-14,182.36532592773438
2023-06-15,184.40757751464844
2023-06-16,183.32696533203125
2023-06-20,183.4161834716797
2023-06-21,182.37527465820312
2023-06-22,185.38906860351562
2023-06-23,185.07180786132812
2023-06-26,183.67396545410156
2023-06-27,186.43991088867188
2023-06-28,187.61965942382812
2023-06-29,187.9567413330078
2023-06-30,192.2989959716797
2023-07-03,190.802001953125
2023-07-05,189.68173217773438
2023-07-06,190.15760803222656
2023-07-07,189.037353515625
2023-07-10,186.9851837158203
2023-07-11,186.4597625732422
2023-07-12,188.13519287109375
2023-07-13,188.8985595703125
2023-07-14,189.04727172851562
2023-07-17,192.31886291503906
2023-07-18,192.06106567382812
2023-07-19,193.41928100585938
2023-07-20,191.4662628173828
2023-07-21,190.28651428222656
2023-07-24,191.08950805664062
2023-07-25,191.9520263671875
2023-07-26,192.82443237304688
2023-07-27,191.5554962158203
2023-07-28,194.1429901123047
2023-07-31,194.7576446533203
2023-08-01,193.9248809814453
2023-08-02,190.92098999023438
2023-08-03,189.5231475830078
2023-08-04,180.42221069335938
2023-08-07,177.3092803955078
2023-08-08,178.25108337402344
2023-08-09,176.6549530029297
2023-08-10,176.4368438720703
2023-08-11,176.49639892578125
2023-08-14,178.15428161621094
2023-08-15,176.15887451171875
2023-08-16,175.28530883789062
2023-08-17,172.73399353027344
2023-08-18,173.22044372558594
2023-08-21,174.56057739257812
2023-08-22,175.94049072265625
2023-08-23,179.80218505859375
2023-08-24,175.0966796875
2023-08-25,177.31045532226562
2023-08-28,178.87893676757812
2023-08-29,182.78036499023438
2023-08-30,186.28465270996094
2023-08-31,186.50306701660156
2023-09-01,188.08148193359375
2023-09-05,188.3197479248047
2023-09-06,181.5791473388672
2023-09-07,176.26809692382812
2023-09-08,176.88357543945312
2023-09-11,178.05499267578125
2023-09-12,175.01727294921875
2023-09-13,172.94247436523438
2023-09-14,174.4613494873047
2023-09-15,173.73663330078125
2023-09-18,176.6750946044922
2023-09-19,177.76708984375
2023-09-20,174.21315002441406
2023-09-21,172.66448974609375
2023-09-22,173.5182342529297
2023-09-25,174.79884338378906
2023-09-26,170.70884704589844
2023-09-27,169.18997192382812
2023-09-28,169.4480743408203
2023-09-29,169.96429443359375
2023-10-02,172.48582458496094
2023-10-03,171.1456298828125
2023-10-04,172.39646911621094
2023-10-05,173.63735961914062
2023-10-06,176.1986083984375
2023-10-09,177.68768310546875
2023-10-10,177.092041015625
2023-10-11,178.49179077148438
2023-10-12,179.3951873779297
2023-10-13,177.54872131347656
2023-10-16,177.41964721679688
2023-10-17,175.86105346679688
2023-10-18,174.56057739257812
2023-10-19,174.18338012695312
2023-10-20,171.62216186523438
2023-10-23,171.7412567138672
2023-10-24,172.17807006835938
2023-10-25,169.8551025390625
2023-10-26,165.67572021484375
2023-10-27,166.9960479736328
2023-10-30,169.05096435546875
2023-10-31,169.52749633789062
2023-11-01,172.70420837402344
2023-11-02,176.27801513671875
2023-11-03,175.3647003173828
2023-11-06,177.92591857910156
2023-11-07,180.49713134765625
2023-11-08,181.559326171875
2023-11-09,181.0828094482422
2023-11-10,185.2875518798828
2023-11-13,183.6970977783203
2023-11-14,186.3213348388672
2023-11-15,186.887939453125
2023-11-16,188.57778930664062
2023-11-17,188.55792236328125
2023-11-20,190.3074188232422
2023-11-21,189.5022430419922
2023-11-22,190.16824340820312
2023-11-24,188.8362579345703
2023-11-27,188.65733337402344
2023-11-28,189.263671875
2023-11-29,188.2398223876953
2023-11-30,188.81634521484375
2023-12-01,190.0986785888672
2023-12-04,188.2994842529297
2023-12-05,192.26565551757812
2023-12-06,191.17222595214844
2023-12-07,193.11056518554688
2023-12-08,194.54197692871094
2023-12-11,192.027099609375
2023-12-12,193.5479736328125
2023-12-13,196.778564453125
2023-12-14,196.9276580810547
2023-12-15,196.39089965820312
2023-12-18,194.7209014892578
2023-12-19,195.7646484375
2023-12-20,193.66725158691406
2023-12-21,193.5181121826172
2023-12-22,192.444580078125
2023-12-26,191.8978729248047
2023-12-27,191.9972686767578
2023-12-28,192.42471313476562
2023-12-29,191.38095092773438
